Title,Company,Reward,URL
Flutter 개발자 (디지털트윈 & 스마트 솔루션 혁신),시어스랩(Seerslab),합격보상금 100만원,https://www.wanted.co.kr//wd/267655
모바일 엔지니어 (Flutter),엘리스,합격보상금 100만원,https://www.wanted.co.kr//wd/262121
앱(Flutter) 개발,어플레이즈,합격보상금 100만원,https://www.wanted.co.kr//wd/258622
[ECG Buddy] Flutter 개발자 (5년 이상),알피,합격보상금 100만원,https://www.wanted.co.kr//wd/268323
AI/ML Product Engineer,부릉,합격보상금 100만원,https://www.wanted.co.kr//wd/257004
"Full Stack Software Engineer (Golang, Flutter)",리디(RIDI),합격보상금 100만원,https://www.wanted.co.kr//wd/265043
플러터(Flutter) 웹(Web) 개발자,에이치아이티,합격보상금 100만원,https://www.wanted.co.kr//wd/262569
[SW팀] 크로스플랫폼 앱 개발자(Flutter),이노버스,합격보상금 100만원,https://www.wanted.co.kr//wd/249843
Flutter 개발자 (디지털트윈 & 스마트 솔루션 혁신),시어스랩(Seerslab),합격보상금 100만원,https://www.wanted.co.kr//wd/267655
모바일 엔지니어 (Flutter),엘리스,합격보상금 100만원,https://www.wanted.co.kr//wd/262121
앱(Flutter) 개발,어플레이즈,합격보상금 100만원,https://www.wanted.co.kr//wd/258622
[ECG Buddy] Flutter 개발자 (5년 이상),알피,합격보상금 100만원,https://www.wanted.co.kr//wd/268323
AI/ML Product Engineer,부릉,합격보상금 100만원,https://www.wanted.co.kr//wd/257004
"Full Stack Software Engineer (Golang, Flutter)",리디(RIDI),합격보상금 100만원,https://www.wanted.co.kr//wd/265043
플러터(Flutter) 웹(Web) 개발자,에이치아이티,합격보상금 100만원,https://www.wanted.co.kr//wd/262569
[SW팀] 크로스플랫폼 앱 개발자(Flutter),이노버스,합격보상금 100만원,https://www.wanted.co.kr//wd/249843
[999F] Flutter 풀스택 개발자,이쿠아,합격보상금 100만원,https://www.wanted.co.kr//wd/261856
"모바일 앱 개발자(Flutter, React Native)",부지런컴퍼니,합격보상금 100만원,https://www.wanted.co.kr//wd/260319
Flutter 개발자,코보시스,합격보상금 100만원,https://www.wanted.co.kr//wd/99737
Flutter 앱 개발자 (5년 이상),트리플콤마(골드스푼),합격보상금 100만원,https://www.wanted.co.kr//wd/228740
"[개발] 앱(Flutter) 개발자 (7~10년, 리더)",중고나라,합격보상금 100만원,https://www.wanted.co.kr//wd/256682
해빗파워 개발팀 PM (앱 기획자),백프로,합격보상금 100만원,https://www.wanted.co.kr//wd/262531
Senior Developer,폴센트,합격보상금 100만원,https://www.wanted.co.kr//wd/264329
[병역특례 현역/보충역] Flutter개발자,넛지헬스케어(캐시워크),합격보상금 100만원,https://www.wanted.co.kr//wd/168259
[이리온] Flutter App 개발자,폴라리스쓰리디(Polaris3D),합격보상금 100만원,https://www.wanted.co.kr//wd/254715
[Plus]Flutter 개발자,앤서스랩코리아,합격보상금 100만원,https://www.wanted.co.kr//wd/256645
Flutter 앱 개발자 (3년 이상),에픽코퍼레이션,합격보상금 100만원,https://www.wanted.co.kr//wd/243987
프론트엔드 개발 리드 (7년차 이상),페이버릿미디엄,합격보상금 100만원,https://www.wanted.co.kr//wd/260050
농업 플랫폼 개발자 (Flutter & AI 활용) (2~5년),모두의플래닛,합격보상금 100만원,https://www.wanted.co.kr//wd/268972
[계약직] Flutter / node.js 개발자,인졀미,합격보상금 100만원,https://www.wanted.co.kr//wd/238403
Flutter 앱 / Node.js 개발자,인졀미,합격보상금 100만원,https://www.wanted.co.kr//wd/210107
렌탈 서비스 개발 프로젝트 Flutter 개발자 (고급),이그레브,합격보상금 100만원,https://www.wanted.co.kr//wd/226388
Flutter 모바일 개발,버터플라잉,합격보상금 100만원,https://www.wanted.co.kr//wd/215084
[개발] 프론트엔드 개발자,더매니저,합격보상금 100만원,https://www.wanted.co.kr//wd/264062
[개발] 앱(Flutter) 개발자(1~3년),중고나라,합격보상금 100만원,https://www.wanted.co.kr//wd/267805
Frontend Engineer (React & Flutter),메딜리티,합격보상금 100만원,https://www.wanted.co.kr//wd/261544
flutter 앱 개발자,클래스유,합격보상금 100만원,https://www.wanted.co.kr//wd/264948
플러터.프론트엔드 개발자 (0-5년차),플리더스,합격보상금 100만원,https://www.wanted.co.kr//wd/267289
백엔드 개발자,코세틱,합격보상금 100만원,https://www.wanted.co.kr//wd/259385
플러터(Flutter) 모바일 애플리케이션 개발자 (3-7년차 이상),젠다카디언,합격보상금 100만원,https://www.wanted.co.kr//wd/267555
"[쿠팡] Staff, Mobile Engineer (Flutter)",쿠팡,합격보상금 100만원,https://www.wanted.co.kr//wd/261200
Flutter 크로스플랫폼 앱 개발자 (2년이상),스튜디오프리윌루전,합격보상금 100만원,https://www.wanted.co.kr//wd/267295
[신입] 모바일 엔지니어 (Flutter),엘리스,합격보상금 100만원,https://www.wanted.co.kr//wd/262125
프론트엔드 개발자 (React-native / flutter),아파트멘터리,합격보상금 100만원,https://www.wanted.co.kr//wd/165183
모바일 앱(Flutter) 개발자(3년~6년),펀치랩,합격보상금 100만원,https://www.wanted.co.kr//wd/266208
모바일앱 Flutter 개발자,아몬드컴퍼니,합격보상금 100만원,https://www.wanted.co.kr//wd/158891
플러터 개발자,리프로덕션,합격보상금 100만원,https://www.wanted.co.kr//wd/266306
프론트엔드 개발자(React-native/Flutter),그위피파트너스,합격보상금 100만원,https://www.wanted.co.kr//wd/234764
"모바일 앱 개발자 (3년 이상) (Flutter, React Native)",벨테라퓨틱스,합격보상금 100만원,https://www.wanted.co.kr//wd/264005
Flutter 개발자,한국클라우드,합격보상금 100만원,https://www.wanted.co.kr//wd/256864
워크농 Flutter App 개발자(2~5년),모두의플래닛,합격보상금 100만원,https://www.wanted.co.kr//wd/267698
Flutter Mobile Engineer,카미랩,합격보상금 100만원,https://www.wanted.co.kr//wd/264623
WEB/APP Developer,메타몬스터,합격보상금 100만원,https://www.wanted.co.kr//wd/236026
Flutter 모바일 앱 개발자 (신입/주니어),뉴마핏,합격보상금 100만원,https://www.wanted.co.kr//wd/265164
런드리24 앱 개발자,의식주컴퍼니(런드리고),합격보상금 100만원,https://www.wanted.co.kr//wd/265728
플러터 개발자(3~8년),래딩랩스,합격보상금 100만원,https://www.wanted.co.kr//wd/248956
"안드로이드 개발자 (Flutter, Android)",그래픽,합격보상금 100만원,https://www.wanted.co.kr//wd/260804
[원티드단독] 모바일 앱 소프트웨어 개발 (Flutter / iOS / Android),블록체인랩스,합격보상금 100만원,https://www.wanted.co.kr//wd/138923
"프론트엔드 / 모바일 (Vue, Flutter) 엔지니어",드래프티파이,합격보상금 100만원,https://www.wanted.co.kr//wd/220132
[신입] Flutter 앱 / Node.js 개발자,인졀미,합격보상금 100만원,https://www.wanted.co.kr//wd/210056
프론트엔드 개발자 (4년차 이상),이제이엠컴퍼니,합격보상금 100만원,https://www.wanted.co.kr//wd/255489
"[굿뉴스에너지] Frontend Engineer(TypeScript, React)",식스티헤르츠,합격보상금 100만원,https://www.wanted.co.kr//wd/268233
대기업 SI 프로젝트 react 개발자,이그레브,합격보상금 100만원,https://www.wanted.co.kr//wd/260473
주니어 풀스택 엔지니어,패스트뷰,합격보상금 100만원,https://www.wanted.co.kr//wd/266444
프론트엔드 (React) 리드 개발자 (5년 이상),콥틱(브리즘),합격보상금 100만원,https://www.wanted.co.kr//wd/266905
[시니어] 프론트 개발자(React / React Native) (5~7년),낭만상회,합격보상금 100만원,https://www.wanted.co.kr//wd/262741
모바일 앱 개발자(React-native),뉴플로이,합격보상금 100만원,https://www.wanted.co.kr//wd/267180
시니어 웹 프론트엔드 엔지니어(React),피에프씨테크놀로지스,합격보상금 100만원,https://www.wanted.co.kr//wd/224237
프론트엔드 개발자 (4년차 이상),이제이엠컴퍼니,합격보상금 100만원,https://www.wanted.co.kr//wd/255489
"[굿뉴스에너지] Frontend Engineer(TypeScript, React)",식스티헤르츠,합격보상금 100만원,https://www.wanted.co.kr//wd/268233
대기업 SI 프로젝트 react 개발자,이그레브,합격보상금 100만원,https://www.wanted.co.kr//wd/260473
주니어 풀스택 엔지니어,패스트뷰,합격보상금 100만원,https://www.wanted.co.kr//wd/266444
프론트엔드 (React) 리드 개발자 (5년 이상),콥틱(브리즘),합격보상금 100만원,https://www.wanted.co.kr//wd/266905
[시니어] 프론트 개발자(React / React Native) (5~7년),낭만상회,합격보상금 100만원,https://www.wanted.co.kr//wd/262741
모바일 앱 개발자(React-native),뉴플로이,합격보상금 100만원,https://www.wanted.co.kr//wd/267180
시니어 웹 프론트엔드 엔지니어(React),피에프씨테크놀로지스,합격보상금 100만원,https://www.wanted.co.kr//wd/224237
react naitve 개발자 4~7년,타운즈,합격보상금 100만원,https://www.wanted.co.kr//wd/267135
React Native 앱 개발자,호각,합격보상금 100만원,https://www.wanted.co.kr//wd/262089
React Native 앱 개발자,지엔터프라이즈,합격보상금 100만원,https://www.wanted.co.kr//wd/260620
프론트엔드 개발자,포토위젯,합격보상금 100만원,https://www.wanted.co.kr//wd/264969
프론트엔드 개발자,에피소든,합격보상금 100만원,https://www.wanted.co.kr//wd/256069
React Native 개발자,준컴퍼니,합격보상금 100만원,https://www.wanted.co.kr//wd/264063
React Native Developer (전문연구요원 가능),라이너(Liner),합격보상금 100만원,https://www.wanted.co.kr//wd/203589
[전문연구요원 가능] Frontend Engineer (Senior),세이지,합격보상금 100만원,https://www.wanted.co.kr//wd/217825
프론트엔드 개발자(시니어/5년 이상),워드바이스,합격보상금 100만원,https://www.wanted.co.kr//wd/240957
AI어플리케이션 개발자 / 3년 이상,필라넷,합격보상금 100만원,https://www.wanted.co.kr//wd/267483
모바일 앱 개발 : 리액트 네이티브,코너,합격보상금 100만원,https://www.wanted.co.kr//wd/257702
블록체인 서비스 FE개발자,람다256,합격보상금 100만원,https://www.wanted.co.kr//wd/258158
프론트엔드 개발자 (5년 이상),알서포트(Rsupport),합격보상금 100만원,https://www.wanted.co.kr//wd/197139
React Native 개발자,차봇모빌리티,합격보상금 100만원,https://www.wanted.co.kr//wd/260353
SW Engineer (Front-End),네이션에이,합격보상금 100만원,https://www.wanted.co.kr//wd/243275
[자동차본부] React Native 앱개발자,패스트뷰,합격보상금 100만원,https://www.wanted.co.kr//wd/252156
react 프론트엔드 개발자 (3년 ~ 5년),두요,합격보상금 100만원,https://www.wanted.co.kr//wd/259244
"[Biotech] C#, React Software Engineer",셀틱스테크놀로지,합격보상금 100만원,https://www.wanted.co.kr//wd/223236
React Native Frontend Engineer,아이지넷(보닥),합격보상금 100만원,https://www.wanted.co.kr//wd/225274
[데이터플랫폼팀] Full-stack 개발자,크라우드웍스,합격보상금 100만원,https://www.wanted.co.kr//wd/255516
플랫폼 서비스 앱 개발자 (React Native),엠피에이지(MPAG),합격보상금 100만원,https://www.wanted.co.kr//wd/262642
[아워플레이스] React Native 모바일앱 개발자,먼치팩토리,합격보상금 100만원,https://www.wanted.co.kr//wd/227361
"[생성형 인공지능] Frontend Engineer (Senior, 전문연有)",휴멜로,합격보상금 100만원,https://www.wanted.co.kr//wd/225753
Sr. Software Engineer (프론트엔드),레브잇,합격보상금 100만원,https://www.wanted.co.kr//wd/260181
백엔드 개발자,바이브온코퍼레이션,합격보상금 100만원,https://www.wanted.co.kr//wd/258935
리엑트 네이티브(React-native) 개발자,즐거움을더하다,합격보상금 100만원,https://www.wanted.co.kr//wd/268732
웹디자인 퍼블리셔,두리번,합격보상금 100만원,https://www.wanted.co.kr//wd/260777
풀스택 개발자,알엔알(RNR),합격보상금 100만원,https://www.wanted.co.kr//wd/245197
"실무형 Full Stack CTO (5년 이상, 공동창업자 대우)",커넥트비스타,합격보상금 100만원,https://www.wanted.co.kr//wd/258715
3D 디자이너 - Blender,인터엑스,합격보상금 100만원,https://www.wanted.co.kr//wd/261267
"SI 업무분석,설계,개발 (4년이상, 학사/석사)",스카이웨어,합격보상금 100만원,https://www.wanted.co.kr//wd/255842
[플레이오] 엔지니어링 매니저 (Engineering Manager),지엔에이컴퍼니,합격보상금 100만원,https://www.wanted.co.kr//wd/254609
풀스택 개발자,채권도시,합격보상금 100만원,https://www.wanted.co.kr//wd/264819
React Native 앱 개발자,리클(Recl),합격보상금 100만원,https://www.wanted.co.kr//wd/251821
[디리토] Full Stack Software Engineer,리디(RIDI),합격보상금 100만원,https://www.wanted.co.kr//wd/265026
[Growth Squad] 시니어 프론트앤드 개발자,클래스101(Class101),합격보상금 100만원,https://www.wanted.co.kr//wd/262346
React Native Engineer,리디(RIDI),합격보상금 100만원,https://www.wanted.co.kr//wd/265035
App(React Native) 개발자(전문연구요원가능),베스텔라랩,합격보상금 100만원,https://www.wanted.co.kr//wd/229461
"모바일 앱 개발자(Flutter, React Native)",부지런컴퍼니,합격보상금 100만원,https://www.wanted.co.kr//wd/260319
프론트엔드 개발자,이지바로,합격보상금 100만원,https://www.wanted.co.kr//wd/254546
앱 개발자 (React Native),학원의신,합격보상금 100만원,https://www.wanted.co.kr//wd/263475
React-Native 스태프 엔지니어,알로카도스,합격보상금 100만원,https://www.wanted.co.kr//wd/140908
프론트엔드 개발자 (5년 이상),클링커즈,합격보상금 100만원,https://www.wanted.co.kr//wd/248030
React Native 리드 개발자 (5년차 이상),팬딩(Fanding),합격보상금 100만원,https://www.wanted.co.kr//wd/266894
React 풀스택 개발자,하이로컬,합격보상금 100만원,https://www.wanted.co.kr//wd/251906
"[개발] 프론트엔드 개발자 (7~10년, 리더)",중고나라,합격보상금 100만원,https://www.wanted.co.kr//wd/242157
웹 앱 개발자,시그니처알앤디,합격보상금 100만원,https://www.wanted.co.kr//wd/250756
프론트엔드 개발자 (7년 이상),글로지(GloZ),합격보상금 100만원,https://www.wanted.co.kr//wd/266766
시니어 풀스택 엔지니어,패스트뷰,합격보상금 100만원,https://www.wanted.co.kr//wd/265557
Front-End Senior 개발자 (React 기반),오픈플랜,합격보상금 100만원,https://www.wanted.co.kr//wd/208585
시뮬레이션 소프트웨어 개발자 (풀스택/백엔드),에브리심,합격보상금 100만원,https://www.wanted.co.kr//wd/257679
[Platform]React Native App Engineer,앤서스랩코리아,합격보상금 100만원,https://www.wanted.co.kr//wd/252617
네트워크 장비 Web Management 솔루션 개발,파이오링크,합격보상금 100만원,https://www.wanted.co.kr//wd/253444
프론트엔드 개발 리드 (7년차 이상),페이버릿미디엄,합격보상금 100만원,https://www.wanted.co.kr//wd/260050
JAVA 개발자 (5년 이상),오토위니,합격보상금 100만원,https://www.wanted.co.kr//wd/201010
"프론트엔드 개발자 (리더, React.js 5년 이상)",코딧(CODITCorp.),합격보상금 100만원,https://www.wanted.co.kr//wd/93806
프론트엔드(ReactJS) 개발자,일루넥스,합격보상금 100만원,https://www.wanted.co.kr//wd/250875
Frontend Tech Leader,코인원(coinone),합격보상금 100만원,https://www.wanted.co.kr//wd/267520
React Front-End 엔지니어 (7년 이상),그린도트,합격보상금 100만원,https://www.wanted.co.kr//wd/257366
프론트엔드 개발자(React-4년차 이상),스팬딧(Spendit),합격보상금 100만원,https://www.wanted.co.kr//wd/143749
React Native 개발자,미니레코드,합격보상금 100만원,https://www.wanted.co.kr//wd/268977
React-Native 앱 개발(프론트엔드),비버웍스,합격보상금 100만원,https://www.wanted.co.kr//wd/268954
Jr. React Front-end Engineer (2년~6년),올거나이즈코리아(Allganize Korea),합격보상금 100만원,https://www.wanted.co.kr//wd/268771
모바일 앱 개발자,파이랩테크놀로지,합격보상금 100만원,https://www.wanted.co.kr//wd/171613
풀스택 웹 개발자 (Python/Django),웜블러드,합격보상금 100만원,https://www.wanted.co.kr//wd/142233
백엔드 엔지니어 (Python/Django),뮤즈라이브(Muzlive),합격보상금 100만원,https://www.wanted.co.kr//wd/18295
Django ReacNative 크로스 플랫폼 개발자 (3년 이상),케이비자,합격보상금 100만원,https://www.wanted.co.kr//wd/255970
[인턴][포카마켓] 백엔드 Django 개발자,인플루디오,N/A,https://www.wanted.co.kr//wd/256404
[포카마켓] 백엔드 Django 개발자 (2년이상),인플루디오,합격보상금 100만원,https://www.wanted.co.kr//wd/230788
"BackEnd 개발자(Python, Django)",블리몽키즈,합격보상금 100만원,https://www.wanted.co.kr//wd/255586
풀스택 웹 개발자 (Python/Django),웜블러드,합격보상금 100만원,https://www.wanted.co.kr//wd/142233
백엔드 엔지니어 (Python/Django),뮤즈라이브(Muzlive),합격보상금 100만원,https://www.wanted.co.kr//wd/18295
Django ReacNative 크로스 플랫폼 개발자 (3년 이상),케이비자,합격보상금 100만원,https://www.wanted.co.kr//wd/255970
[인턴][포카마켓] 백엔드 Django 개발자,인플루디오,N/A,https://www.wanted.co.kr//wd/256404
[포카마켓] 백엔드 Django 개발자 (2년이상),인플루디오,합격보상금 100만원,https://www.wanted.co.kr//wd/230788
"BackEnd 개발자(Python, Django)",블리몽키즈,합격보상금 100만원,https://www.wanted.co.kr//wd/255586
